{
 "labelsOn": true,
 "refreshRate": 1000,
 "height": 50,
 "labelColor": [
  0,
  0,
  0,
  0
 ],
 "backgroundColor": [
  1,
  1,
  1,
  0.1
 ],
 "cpu": {
  "enabled": false,
  "width": 40,
  "colors": [
   [
    1,
    1,
    1,
    1
   ],
   [
    1,
    1,
    1,
    1
   ],
   [
    1,
    1,
    1,
    1
   ],
   [
    1,
    1,
    1,
    1
   ],
   [
    1,
    1,
    1,
    1
   ],
   [
    1,
    1,
    1,
    1
   ],
   [
    1,
    1,
    1,
    1
   ],
   [
    1,
    1,
    1,
    1
   ]
  ]
 },
 "mem": {
  "enabled": false,
  "width": 40,
  "colors": [
   [
    1,
    1,
    1,
    1
   ],
   [
    0.6,
    0.6,
    0.6,
    0.8
   ],
   [
    0.8,
    0.8,
    0.8,
    0.8
   ],
   [
    0.9,
    0.9,
    0.9,
    0.1
   ]
  ],
  "swapcolors": [
   [
    1,
    1,
    1,
    0.15
   ]
  ]
 },
 "net": {
  "enabled": true,
  "autoscale": true,
  "logscale": true,
  "width": 200,
  "devices": {
   "wlp12s0": {
    "enabled": true,
    "show": true,
    "colors": [
     [
      0.20392156862745098,
      0.396078431372549,
      0.6431372549019608,
      1
     ],
     [
      0.9294117647058824,
      0.8313725490196079,
      0,
      1
     ]
    ]
   },
   "eno1": {
    "enabled": true,
    "show": true,
    "colors": [
     [
      0.40619195046439616,
      0,
      0.803921568627451,
      1
     ],
     [
      0.8,
      0,
      0,
      1
     ]
    ]
   },
   "enp0s20u1c4i2": {
    "enabled": true,
    "show": true,
    "colors": [
     [
      1,
      1,
      1,
      0.8
     ],
     [
      0,
      0,
      0,
      0.6
     ]
    ]
   },
   "lo": {
    "enabled": true,
    "show": true,
    "colors": [
     [
      0,
      0,
      0.803921568627451,
      1
     ],
     [
      0.5266666666666667,
      0,
      0.37698245614035114,
      1
     ]
    ]
   },
   "ham0": {
    "enabled": true,
    "show": true,
    "colors": [
     [
      1,
      1,
      1,
      0.8
     ],
     [
      0,
      0,
      0,
      0.6
     ]
    ]
   },
   "enp13s0": {
    "enabled": true,
    "show": true,
    "colors": [
     [
      0,
      1,
      0.40000000000000036,
      1
     ],
     [
      1,
      0,
      0.7800000000000002,
      1
     ]
    ]
   },
   "wlxf4ec3892543b": {
    "enabled": true,
    "show": false,
    "colors": [
     [
      1,
      1,
      1,
      0.8
     ],
     [
      0,
      0,
      0,
      0.6
     ]
    ]
   },
   "wlx00265a111a32": {
    "enabled": true,
    "show": false,
    "colors": [
     [
      0,
      1,
      0.8631578947368421,
      1
     ],
     [
      0.4666666666666667,
      0.21311111111111117,
      0.21311111111111117,
      1
     ]
    ]
   },
   "mon0": {
    "enabled": true,
    "show": false,
    "colors": [
     [
      1,
      1,
      1,
      0.8
     ],
     [
      0,
      0,
      0,
      0.6
     ]
    ]
   },
   "eth0": {
    "enabled": true,
    "show": false,
    "colors": [
     [
      1,
      1,
      1,
      0.8
     ],
     [
      0,
      0,
      0,
      0.6
     ]
    ]
   }
  }
 },
 "disk": {
  "enabled": false,
  "autoscale": true,
  "logscale": true,
  "width": 30,
  "devices": {
   "/": {
    "enabled": true,
    "show": true,
    "colors": [
     [
      1,
      1,
      1,
      1
     ],
     [
      0.6,
      0.6,
      0.6,
      0.8
     ]
    ]
   },
   "TOSHIBA EXT": {
    "enabled": true,
    "show": true,
    "colors": [
     [
      1,
      1,
      1,
      0.8
     ],
     [
      0,
      0,
      0,
      0.6
     ]
    ]
   },
   "Backup": {
    "enabled": true,
    "show": true,
    "colors": [
     [
      1,
      1,
      1,
      0.8
     ],
     [
      0,
      0,
      0,
      0.6
     ]
    ]
   },
   "16 GB Volume": {
    "enabled": true,
    "show": false,
    "colors": [
     [
      1,
      1,
      1,
      0.8
     ],
     [
      0,
      0,
      0,
      0.6
     ]
    ]
   },
   "iPhone": {
    "enabled": true,
    "show": false,
    "colors": [
     [
      1,
      1,
      1,
      0.8
     ],
     [
      0,
      0,
      0,
      0.6
     ]
    ]
   }
  }
 }
}